{"Y1MC2012": [3.88390008086345, 3.9019544076216612, 3.9209015968706167, 3.941315477821202, 3.9632622241140423, 3.987850284456936, 4.015055242583139, 4.045571349073395, 4.0812874684057805, 4.127968380627191, 4.196081944264946, 4.279084192560435, 4.426658693029808], "Y1MC2011": [3.8838908943326267, 3.9019146093895007, 3.920983342156284, 3.9415034862720444, 3.963302794920347, 3.9877583574541275, 4.015198772060622, 4.045456691950863, 4.081151584592652, 4.12801315835641, 4.196835085758968, 4.279035853655246, 4.42503901373901]}